刘诗煌	2月26日	18938259816	文兴府4-1203	16Q7 C600-1A ER-1A 前置	5999	0	是	是	彭慧鹏	兰兰	彭慧鹏	转账		炒锅
陈叶群	2月27日	15173571115	锦绣华府2-1203	L28FS Q3L28 X3 16GL11 C600-1A ER-1A 前置	13600	0	是	是	彭卉娟		彭慧鹏	现金		炒锅蒸锅
秦燕	2月27日	18073593282	江山丽景3-2001	L30 Q3L18E X6 16Q20 D600-1A ER-1A 前置	13680	0	是	是	彭慧鹏	兰兰	彭慧鹏	扫码		炒锅蒸锅
王若棋	2月27日	19164956886	君博佳苑3-2-306	16GL11	3680	0	是	是	彭慧鹏	好莱客	彭慧鹏	转账		蒸锅
周美香	2月27日	18820127368	江山丽景3-1502	L30 Q3L18E X6 16Q20 D600-1A ER-1A 前置	13680	0	是	是	彭慧鹏	兰兰	彭慧鹏	扫码		炒锅蒸锅
文小芳	3月2日	13975536629	金山二村	电热60X2MAX	1980	0	是	是	彭卉娟		彭慧鹏	扫码		
胡锦平	3月10日	18124353629	睿峰兰庭3-2002	16Y33	3000	0	是	是	彭慧鹏		彭慧鹏	扫码		炒锅
黄普军	3月12日	13786568525	丹桂园5-802	16Y33	3080	0	是	是	彭慧鹏		彭慧鹏	扫码		
何燕	3月12日	15886566166	金榜府3-304	L28FS Q3L28 X3	6800	0	是	是	彭慧鹏	宇源	彭慧鹏	转账		
陈照芳	3月15日	15526235694	熙园小区	电热60X2MAX	2280	0	是	是	彭慧鹏		彭慧鹏	扫码		
邝国政	3月18日	18673545386	邝家村	L08F Q2L06 20Y X3 前置	6500	0	是	是	彭卉娟	马可波罗	彭慧鹏	扫码		
蒋洋祝	3月25日	19366905709	龙山书居8-2-4-504	16YL33	4298	0	是	是	彭慧鹏		彭慧鹏	扫码		安装包
曾志翔	3月30日	13786552110	汾市	Q3L28 20Y	1999	0	是	是	彭慧鹏		彭慧鹏	现金		
唐红艳	3月30日	18175508777	江山丽景3-2-907	喜乐乐RD4 定金1000+罗志东转单1000未退 尾款1800抵家里换灯	3800	0	是	是	彭慧鹏	飞利浦	彭慧鹏	扫码		定金1000，另外1000由25年10月31日垫付单抵扣
朱红	3月31日	18873512572	盛世华庭6-2-3	D600-1A ER-1A 喜乐乐卡拉白	4680	0	是	是	彭慧鹏		彭慧鹏	转账		
骆总	4月2日	15526253730	二完小附近	喜乐乐卡拉白	2000	0	是	是	彭慧鹏		彭慧鹏	扫码		转单未退钱
罗志冬	4月13日	18173520909	君博佳苑5-1-1503	L30 Q3Plus X3	7380	0	是	是	彭卉娟		彭慧鹏	扫码	抵单	炒锅 蒸锅
龙双菊	4月22日	18073529698	文昌南路十二巷1号	16Y33	3200	0	是	是	彭卉娟	雅迪乐	彭慧鹏	转账		
周湘勇	5月1日	18975744881	杏林新苑4-1002	L30 Q3L18E X3 16YL33	10600	0	是	是	彭慧鹏		彭慧鹏	扫码		蒸锅 炒锅
蒋芬香	5月18日	13875538777	蒋家田村	L28FS Q3L18E 20Y 4S	6298	0	是	是	彭慧鹏		彭慧鹏	扫码		风扇
赵美女	5月20日		骡溪牌坊旁	Q2L06 20Y	800	0	是	是	彭慧鹏		彭慧鹏	现金		
龙国良	5月22日	18973597335	东城村	电热60F1	599	0	是	是	彭卉娟		彭慧鹏	扫码		
骆利君	5月23日	13875571569	侯家香花饭店后4楼	喜乐乐行云流水	3800	0	是	是	彭卉娟		彭慧鹏	扫码		
曹祝香	5月23日	15886511745	大电视后9栋502	Q2L06	799	0	是	是	彭慧鹏		彭慧鹏	转账		
龙朝丽	5月23日		加油站	Q3Plus	1799	0	是	是	彭慧鹏		彭慧鹏	转账		
彭礼富	5月24日	13117352389	天堂坪村	L890S	2900	0	是	是	彭慧鹏		彭慧鹏	转账		
陈欢林	5月24日	15115532309	喜上喜9巷2号3楼	电热60X1H	899	0	是	是	彭卉娟		彭慧鹏	扫码		
何素英	6月1日	18975744009	晴岚华府5-502	16G11	2780	0	是	是	彭慧鹏		彭慧鹏	扫码		
刘总	6月16日	17369352051	新汽车站旁	喜乐乐X3	3680	0	是	是	彭慧鹏	伊莎莱	彭慧鹏	转账		
罗方勇	6月19日	18075515912	二八村罗家	Q2L06 20Y	1380	0	是	是	彭卉娟		彭慧鹏	扫码		
赵玉华	6月27日	15886563074	地税局	L890S	2600	0	是	是	彭卉娟		彭慧鹏	扫码		
曾素群	7月17日	14789243196	周家	电热60X2MAX 喜乐乐流云	5499	0	是	是	彭卉娟		彭慧鹏	扫码		
曾庆富	7月18日	18169215865	茶厂1-2-501	16GL11	3280	0	是	是	彭慧鹏		彭慧鹏	扫码		
罗才军	7月19日	17373544568	丹桂园5-502	D600-1A ER-1A 喜乐乐和田玉 PPC一个	6600	0	是	是	彭慧鹏	飞利浦	彭慧鹏	扫码		
何文垚	7月28日	18373590923	新贵华城	16Q22	2800	0	是	是	彭慧鹏		彭慧鹏	扫码		
李柱	8月2日	13692150280	东佳电子	电热60F1	898	0	是	是	彭慧鹏		彭慧鹏	转账		
骆小玉	8月4日	15675685504	舜发园1-1201	16Y33	3280	0	是	是	彭慧鹏	雅迪乐	彭慧鹏	扫码		
文喜良	8月5日	17373596332	坦下村草塘对面	电热60X2Pro	1880	0	是	是	彭慧鹏		彭慧鹏	扫码		
邝周英	8月9日	13975524095	邝家村	16G11 Q5L26 25年3月20日黄华军定金2000转单	4380	0	是	是	彭慧鹏		彭慧鹏	扫码		
施琪英	8月19日	13637359714	玉龙公馆1011	D600-1A	2680	0	是	是	彭卉娟		彭慧鹏	扫码		
蒋飞英	3月2日	18773550608	御景华庭5-1001	16GL11	3580	0	是	是	彭卉娟		彭慧鹏	扫码		
邝涛晖	6月10日	15073520808	江华县	电热80A2 4台 小厨宝2台	5880	0	是	是	彭慧鹏	伊莎莱	彭慧鹏	转账		
李素宏	8月31日	18670582498	美的云熙府19-3301	喜乐乐RD4 1.6米	4180	0	是	是	彭卉娟	雅迪乐	彭慧鹏	扫码		炒锅 蒸锅
李加兵	8月31日	15096130003	碧桂园13-804	SXR600-X1	4180	0	是	是	彭卉娟		彭慧鹏	扫码		
文小英	9月1日	13327354906	格林春天4-303	X3	2480	0	是	是	彭卉娟		彭慧鹏	扫码		
欧翠灵	8月14日	15573533477	金榜台南苑1303	16G11 SXR600-X1 喜乐乐RD4 1.6米	10600	0	是	是	彭慧鹏		彭慧鹏	转账		
龙湘菊	5月4日	13873538776	中欣36-102	L28FS 16Y33	6800	0	是	是	彭慧鹏		彭慧鹏	扫码		炒锅
陈慧萍	9月7日	18684628667	碧桂园3-1702	16QV22MAX	3200	0	是	是	彭慧鹏	大自然	彭慧鹏	转账		
谭桂英	9月7日	15096175508	御景华庭8-1602	16RT30	2800	0	是	是	彭慧鹏		彭慧鹏	转账		
邝发田	9月6日	13973534878	中河街163号	电热60X2MAX 国补下单	2080	0	是	是	彭卉娟		彭慧鹏	扫码		
陈建民	5月2日	18175768489	君博佳苑2-2-1907	L28FS Q3Plus X3 16RT30 D600-1A ER-1A	14780	0	是	是	彭慧鹏	飞利浦	彭慧鹏	扫码		炒锅 蒸锅
陈碧玉	9月12日	18922765651	一完小旁	16Y33	3280	0	是	是	彭卉娟	雅迪乐	彭慧鹏	扫码		
谭艳兰	9月27日	19707356602	碧桂园15-2004	L28FS	3280	0	是	是	彭慧鹏		彭慧鹏	扫码		
艾党发	7月12日	18680563585	棚户区41-2-203	L28FS Q3Plus X3 16Q7	3600	5000	是	否	彭卉娟		彭慧鹏	扫码		
何振华	4月25日	15116166864	碧桂园4-2602	L28FS Q3L28 X3 16YL33 SXR600-X1 前置	13824	1176	是	否	彭卉娟		彭慧鹏	扫码	公司	炒锅 蒸锅
王梦娇	7月17日	13875596677	紫金缘9-1-2603	D600-1A 前置	2000	1460	是	否	彭卉娟		彭慧鹏	扫码		
李淑芳	8月31日	19854761851	龙山书居9-1102	D600-1A SR-1A 喜乐乐RD4	3199	4000	是	否	彭卉娟	雅迪乐	彭慧鹏	扫码		炒锅 蒸锅
黄凤兰	2月24日	13786564511	玉龙公馆702	16YL53 D600-1A ER-1A 前置 安装包	3800	5380	否	否	彭慧鹏	新豪轩	彭慧鹏	扫码		炒锅蒸锅
林亚英	3月1日	18229312025	晴岚府10-1-602	L30 Q3Plus X3 16G11 C600-1A ER-1A 前置 烟机材料包	3680	10000	否	否	彭慧鹏		彭慧鹏	扫码		炒锅蒸锅风扇
邓武军	3月7日	18173570138	上品央著5-2-304	Z09 Q2L06 4S 16Q7 D600-1A ER-1A 前置 喜乐乐黄山云海	4999	6980	否	否	彭卉娟	莫干山	彭慧鹏	扫码		炒锅蒸锅被子
陈雅菲	3月8日	19194355837	江山丽景1-802	16Y33 D600-1A ER-1A 前置	4880	2000	否	否	彭卉娟	雅迪乐	彭慧鹏	扫码		
陈建林	3月13日	13549513490	睿峰兰庭1-2-1405	16YL33	3999	0	否	否	彭慧鹏	好莱客	彭慧鹏	扫码		
骆建国	3月15日	18890146186	上品央著5-2-1005	16Y33	3599	0	否	否	彭慧鹏	大自然	彭慧鹏	扫码		
卢艳飞	3月19日	15526274563	紫金缘8-2-2104	16YL33 D600-1A ER-1A 前置	4800	3000	否	否	彭卉娟	伊莎莱	彭慧鹏	扫码		
艾绘英	3月29日	18175550341	金榜台5-1501	D600-1A ER-1A 前置	2680	1000	否	否	彭慧鹏	派雅	彭慧鹏	扫码		
林小英	3月29日	15886566936	龙山书居6-2-706	L28FS Q3L28 X3 16YL33 前置	3080	8000	否	否	彭卉娟	莫干山	彭慧鹏	扫码		炒锅 蒸锅
曹腾	3月31日	19886566543	江山丽景3-1-2302	L28FS Q3Plus	4980	0	否	否	彭卉娟	法鹏	彭慧鹏	扫码		
刘慧青	4月6日	15616107911	丹桂园5-103	16YL33	2000	1900	否	否	彭卉娟	美巢	彭慧鹏	扫码		
周斌	4月7日	13434253398	君博佳苑5-2-1206	L28FS Q3L18E X3 前置	3999	3000	否	否	彭慧鹏	恒洁	彭慧鹏	扫码		
谭玲娟	4月29日	13652314096	龙山书居7-602	L28FS Q3L18E X3 16Y33 D600-1A ER-1A 前置 烟机热水器材料包	6600	6300	否	否	彭慧鹏		彭慧鹏	转账		炒锅蒸锅火锅
邱莉娟	5月18日	13397350881	蒋家田村	L28FS Q3L18E 20Y 12Q2 2台	6597	0	否	否	彭慧鹏		彭慧鹏	扫码		风扇
黄圈	5月19日	15273562007	上品央著5-2-504	L28FS Q3Plus X3	6999	0	否	否	彭卉娟	莫干山	彭慧鹏	扫码		炒锅
陈海英	5月20日	19892428549	江山丽景3-2-207	L28FS Q3Plus X3	6999	0	否	否	彭卉娟		彭慧鹏	扫码		炒锅
骆雪	5月20日	15362886868	江山丽景2-2-1706	L28FS Q3Plus X3	6999	0	否	否	彭卉娟		彭慧鹏	扫码		炒锅
胡海水	5月21日	18229353968	江山丽景2-1701	L28FS Q3L28 X3 E605 前置	6198	2000	否	否	彭卉娟		彭慧鹏	扫码		炒锅 风扇
刘雅妮	5月23日	13427550521	睿峰兰庭3-2402	16QL9F D600-1A ER-1A	2660	3000	否	否	彭慧鹏	派雅	彭慧鹏	扫码		蒸锅
邝俊贤	5月28日	18229313678	睿峰兰庭7-2404	L28FS Q3G18E X3 16QL22 E605 ER-1A 前置	9000	5000	否	否	彭卉娟		彭慧鹏	转账		炒锅 水壶
刘双凤	5月30日	13549506343	君博5-2-707	E605 ER-1A	1800	2000	否	否	彭卉娟	美巢	彭慧鹏	扫码		
李曼曼	5月31日	15973578419	睿峰兰庭7-802	L30 Q3Plus X3 16QL9F E605 ER-1A 前置	2000	10680	否	否	彭卉娟		彭慧鹏	扫码		炒锅 蒸锅 水壶
李云才	6月4日	13637359361	晴岚新苑5-8楼	16YL33	1990	2000	否	否	彭卉娟		彭慧鹏	现金		
肖小娟	6月5日	18975724213/17775115578	御景华庭3-803	L28FS Q3Plus X3 16RT30	6800	2000	否	否	彭慧鹏	美巢	彭慧鹏	扫码		炒锅
雷总	6月8日	13397077899	龙山书居3-1701	未选款式	1000	0	否	否	彭慧鹏	法鹏	彭慧鹏	转账		
黄素林	6月14日	15211733024	睿峰兰庭3-904	未选款式	3000	0	否	否	彭慧鹏	大自然	彭慧鹏	转账		
邝佳豪	6月19日	13007415126	爱莲首府6-2001	L28FS Q3Plus X3 16YL53	6600	4000	否	否	彭卉娟	莫干山	彭慧鹏	扫码		炒锅
邝传兰	6月28日	17373599070	刘家村	X3	2200	0	否	否	彭卉娟		彭慧鹏	扫码		
邝丽红	6月30日	15886536636	西瑶乡庄村	L890S Q2L06 20Y 4SPro 电热60X2Pro XRO-B600 ER-1A 前置 8月21日转单	10280	0	否	否	彭卉娟	马可波罗	彭慧鹏	扫码		炒锅 蒸锅
黄学青	7月12日	19974207094	金榜世家3-2102	L28FS 16YL33	3800	3000	否	否	彭卉娟	派雅	彭慧鹏	扫码		
周洁	7月12日	15197560755	金榜世家3-1902	16YL33	1390	2000	否	否	彭卉娟	派雅	彭慧鹏	扫码		
王维耀	7月13日	13574567693	晴岚新苑5-9楼	L28FS Q3G18E X3 16YL33 D600-1A ER-1A 前置	1980	12000	否	否	彭卉娟		彭慧鹏	扫码		
唐建凤	7月13日	13574534801	睿峰华府7-502	D600-1A ER-1A 前置	1000	2800	否	否	彭卉娟		彭慧鹏	扫码		
周建辉	7月16日	18173542577	上品央著5-1-1401	L28FS Q3G18E X3 16Q7 D600-1A ER-1A 前置	2080	10000	否	否	彭卉娟		彭慧鹏	扫码		炒锅 蒸锅 水壶 落地扇
邝国军	7月16日	15616916516	睿峰兰庭7-2106	L28FS Q3G18E X3 16G11 D600-1A ER-1A 前置	3880	10000	否	否	彭卉娟	马可波罗	彭慧鹏	扫码		炒锅 蒸锅
罗德利	8月3日	17373563693	碧桂园9-1101	L28FS Q3Plus X3 16Q7 D600-1A ER-1A 前置	6280	7000	否	否	彭慧鹏	莫干山	彭慧鹏	扫码		炒锅 蒸锅 风扇
唐小芳	8月7日	16680993234	睿峰兰庭7-2-804	16YL53 D600-1A ER-1A 前置 200安装包	6000	2600	否	否	彭慧鹏		彭慧鹏	扫码		炒锅
刘香沅	8月12日	15013443292	紫金缘9-2203	L28FS Q3Plus X3 16RLV3 D600-1A ER-1A 前置 0元安装包	12888	0	否	否	彭卉娟		彭慧鹏	扫码		炒锅 蒸锅
唐艳青	8月14日	18073573258	江山丽景1-1102	16Q7 D600-1A ER-1A	1000	4600	否	否	彭慧鹏	法鹏	彭慧鹏	扫码		
蒋兴久	8月17日	13574552953	上品央著5-2-506	16Y33	3100	0	否	否	彭慧鹏		彭慧鹏	扫码		
李建玲	8月17日	13204903188	碧桂园12-2902	16Y33	3100	0	否	否	彭慧鹏		彭慧鹏	扫码		
王俊	8月19日	17373527995	上品央著7-1602	L28FS Q3Plus X3 16QL6 D600-1A ER-1A	6000	6000	否	否	彭卉娟		彭慧鹏	扫码		炒锅蒸锅风扇
王邦武	8月22日	13786564705	锦绣湖山2-2502	L28FS Q3Plus 16Rlv3	7800	0	否	否	彭慧鹏		彭慧鹏	扫码		炒锅蒸锅
胡莎	8月25日	13237352110	睿峰兰庭3-2303	L30 Q3Plus x3 16Y33	9560	0	否	否	彭卉娟		彭慧鹏	扫码		炒锅 蒸锅
陈海英	8月28日	19892428549	江山丽景3-2-207	16QL6 XRO-B600 SR-1A	6380	0	否	否	彭卉娟		彭慧鹏	扫码		
林九斤	8月28日	18073500591	睿峰兰庭3-1502	L28FS Q3Plus X3 16Q7 D600-1A ER-1A	3000	10800	否	否	彭卉娟	莫干山	彭慧鹏	扫码		
吴光梅	8月28日	13762535558	金榜世家4-301	D600-1A ER-1A 前置	3680	0	否	否	彭卉娟		彭慧鹏	扫码		
陈杰	8月28日	13786525888	江山丽景2-2-1306	L28FS Q3Plus S1 16QL6 XRO-B600 SR-1A 前置	3000	9600	否	否	彭卉娟	法鹏	彭慧鹏	扫码		炒锅 蒸锅
黄晓英	9月6日	18873553229	晴岚新苑5-701	L28FS Q3Plus X3 16QL6 XRO-B600 ER-1A 前置	4000	8600	否	否	彭卉娟		彭慧鹏	扫码		炒锅
付建英	9月7日	13469226921	中欣36-1-1903	L28FS Q3Plus X3 16QL6	5000	3500	否	否	彭慧鹏		彭慧鹏	扫码		炒锅
文阿华	9月8日	18042545722	江山丽景3-2-206	C600-1A ER-1A	3880	0	否	否	彭卉娟	美巢	彭慧鹏	扫码		
唐凌艳	9月10日	19168198999	君博佳苑5-301	16GL11	3680	0	否	否	彭慧鹏	马可波罗	彭慧鹏	扫码	长沙公司	
黄荣	9月12日	15348353938	碧桂园4-2302	16RLV3 Q3Plus 4SPro	3600	3000	否	否	彭慧鹏	派雅	彭慧鹏	扫码		
杜丽清	9月12日	13397552767	杨梅江村	电热60小MAX（国补下单） 喜乐乐RD4	6200	0	否	否	彭慧鹏	飞利浦	彭慧鹏	转账		
郭娜	9月13日	15673522917	杨梅江村	L30 Q3Plus 20Y	1000	4800	否	否	彭慧鹏		彭慧鹏	转账		
李桂梅	9月13日	18975588931	睿峰兰庭7-504	16QL6	1398	1000	否	否	彭卉娟		彭慧鹏	扫码		
罗淑燕	9月20日	19812177871	君博佳苑2-2-1205	16QL6 D600-1A ER-1A	3000	2999	否	否	彭慧鹏		彭慧鹏	现金		蒸锅 风扇
曾杰	9月25日	15073522229	在水一方3-2-805	12Q2	799	0	否	否	彭卉娟		彭慧鹏	扫码		
王丽学	9月26日	18175566103	御景华庭3-1201	L28FS Q3Plus X3 16QL6 D600-1A ER-1A	11000	1800	否	否	彭卉娟		彭慧鹏	扫码		
邓建华	9月27日	14789213468	君博佳苑5-1701	16QL6	2398	0	否	否	彭慧鹏		彭慧鹏	扫码		
邓玲芳	9月27日	15575676918	君博佳苑3-1405	16QL6	2398	0	否	否	彭慧鹏		彭慧鹏	扫码		
